first,last,position,year,number,hometown,status,grad_year,name_last_first_initial,name_last_first,name
vhito,decapria,Captain,R-Fr.,1,,R-Fr.,2025,"decapria, v","decapria, vhito",vhito decapria
ryan,glover,QB,Sr.,1,"Atlanta, Ga.",Senior,2020,"glover, r","glover, ryan",ryan glover
taheeb,sonekan,DL,Sr.,2,"Bowie, Md.",Senior,2019,"sonekan, t","sonekan, taheeb",taheeb sonekan
abe,willows,WR,Sr.,2,"Austin, Texas",Senior,2019,"willows, a","willows, abe",abe willows
mac,humble,WR,Sr.,3,"Spicewood, Texas.",Senior,2020,"humble, m","humble, mac",mac humble
khalil,weathers,WR,Sr.,6,"Pittsburgh, Pa.",Senior,2022,"weathers, k","weathers, khalil",khalil weathers
ben,gerber,WR,Sr.,5,"Wayne, Pa.",Senior,2022,"gerber, b","gerber, ben",ben gerber
eric,markes,WR,Sr.,5,"Valencia, Calif.",Senior,2019,"markes, e","markes, eric",eric markes
mohammed,diakite,DB,Sr.,6,"Northampton, Pa.",Senior,2021,"diakite, m","diakite, mohammed",mohammed diakite
john,quinnelly,QB,Sr.,6,"Daphne, Ala.",Senior,2021,"quinnelly, j","quinnelly, john",john quinnelly
winston,britton,WR,Sr.,7,"Chester, N.Y.",Senior,2020,"britton, w","britton, winston",winston britton
garrett,morris,LB,Sr.,7,"Auburn, Ala.",Senior,2022,"morris, g","morris, garrett",garrett morris
hunter,hayes,OLB,Sr.,8,"Oakdale, Pa.",Senior,2019,"hayes, h","hayes, hunter",hunter hayes
nick,robinson,QB,Sr.,8,"Trabuco Canyon, Calif.",Senior,2019,"robinson, n","robinson, nick",nick robinson
lewis,gibson,WR,Sr.,9,"Dallas, Texas",Senior,2021,"gibson, l","gibson, lewis",lewis gibson
shane,sweitzer,TE,Sr.,12,"Madison, Conn.",Senior,2022,"sweitzer, s","sweitzer, shane",shane sweitzer
kolton,huber,WR,Sr.,10,"Basking Ridge, N.J.",Senior,2019,"huber, k","huber, kolton",kolton huber
tyler,herrick,WR,Sr.,11,"Hutto, Texas.",Senior,2019,"herrick, t","herrick, tyler",tyler herrick
sire,woods,TE,Sr.,12,"Long Beach, Calif.",Senior,2020,"woods, s","woods, sire",sire woods
tanner,long,LB,Sr.,13,"Ambler, Pa.",Senior,2021,"long, t","long, tanner",tanner long
mason,quandt,QB,Jr.,13,"Simi Valley, Calif.",Junior,2020,"quandt, m","quandt, mason",mason quandt
sam,philippi,DB,Sr.,14,"Trabuco Canyon, Calif.",Senior,2019,"philippi, s","philippi, sam",sam philippi
rory,"starkey, jr.",WR,Sr.,7,"Atlanta, Ga.",Senior,2022,"starkey, jr., r","starkey, jr., rory","rory starkey, jr."
gavin,geib,TE,Jr.,15,"Houston, Texas",Junior,2019,"geib, g","geib, gavin",gavin geib
david,perkins,K,Jr.,16,"Houston, Texas",Junior,2019,"perkins, d","perkins, david",david perkins
malcolm,strickland,DB,Sr.,16,"Atlanta, Ga.",Senior,2021,"strickland, m","strickland, malcolm",malcolm strickland
jason,"mccleod, jr.",DB,Sr.,17,"West Palm Beach, Fla.",Senior,2021,"mccleod, jr., j","mccleod, jr., jason","jason mccleod, jr."
jaden,key,DB,Sr.,1,"Neptune, N.J.",Senior,2023,"key, j","key, jaden",jaden key
preston,norwood,WR,Sr.,18,"Dacula, Ga.",Senior,2021,"norwood, p","norwood, preston",preston norwood
nance,hill,WR,So.,19,"Atlanta, Ga.",Sophomore,2020,"hill, n","hill, nance",nance hill
riley,o'brien,DB,Sr.,27,"San Clemente, Calif.",Senior,2020,"o'brien, r","o'brien, riley",riley o'brien
jacob,martin,DB,Sr.,20,"Buford, Ga.",Senior,2019,"martin, j","martin, jacob",jacob martin
jonathan,mulatu,RB,Sr.,21,"Springfield, Va.",Senior,2023,"mulatu, j","mulatu, jonathan",jonathan mulatu
justin,sands,DB,Jr.,21,"Cleveland, Ohio",Junior,2020,"sands, j","sands, justin",justin sands
johnny,williams,RB,So.,22,"Calabasas, Calif.",Sophomore,2020,"williams, j","williams, johnny",johnny williams
zach,evans,LB,Sr.,23,"Harrison, N.Y.",Senior,2019,"evans, z","evans, zach",zach evans
trey,flowers,RB,Sr.,8,"Miami, Fla.",Senior,2022,"flowers, t","flowers, trey",trey flowers
chris,rankins,DB,Sr.,2,"Sylmar, Calif.",Senior,2022,"rankins, c","rankins, chris",chris rankins
austin,cooper,DB,Sr.,25,"Centennial, Colo.",Senior,2019,"cooper, a","cooper, austin",austin cooper
kendren,smith,DB,Sr.,4,"Charlotte, N.C.",Senior,2023,"smith, k","smith, kendren",kendren smith
dante',moore,RB,Sr.,27,"Egg Harbor Township, N.J.",Senior,2019,"moore, d","moore, dante'",dante' moore
tayte,doddy,DB,Sr.,28,"Houston, Texas",Senior,2019,"doddy, t","doddy, tayte",tayte doddy
james,mccarthy,LB,Sr.,29,"Red Bank, N.J.",Senior,2020,"mccarthy, j","mccarthy, james",james mccarthy
karekin,brooks,RB,Sr.,30,"Marietta, Ga.",Senior,2019,"brooks, k","brooks, karekin",karekin brooks
miles,thompson,DB,Fr.,30,"Fairfax, Va.",Freshman,2019,"thompson, m","thompson, miles",miles thompson
benji,mowatt,DL,Sr.,3,"Fort Lee, N.J.",Senior,2020,"mowatt, b","mowatt, benji",benji mowatt
conor,o'brien,DB,Sr.,32,"San Clemente, Calif.",Senior,2019,"o'brien, c","o'brien, conor",conor o'brien
isaiah,malcome,RB,Sr.,33,"Atlanta, Ga.",Senior,2021,"malcome, i","malcome, isaiah",isaiah malcome
jack,meehan,LB,Sr.,27,"Tappan, N.Y.",Senior,2022,"meehan, j","meehan, jack",jack meehan
patrick,mcgettigan,LB/LS,Sr.,34,"Ambler, Pa.",Senior,2020,"mcgettigan, p","mcgettigan, patrick",patrick mcgettigan
luke,hoggard,LB,Sr.,35,"Huntington Beach, Calif.",Senior,2022,"hoggard, l","hoggard, luke",luke hoggard
adam,conyer,LB,Sr.,10,"Burlington, N.J.",Senior,2022,"conyer, a","conyer, adam",adam conyer
jesse,walsh,LB,Fr.,37,"Branford, Conn.",Freshman,2019,"walsh, j","walsh, jesse",jesse walsh
michael,rolfe,OLB,Sr.,38,"Scarsdale, N.Y.",Senior,2019,"rolfe, m","rolfe, michael",michael rolfe
ethan,zemla,LB,Sr.,54,"Highlands Ranch, Colo.",Senior,2022,"zemla, e","zemla, ethan",ethan zemla
tysen,comizio,RB,Sr.,40,"Greenwich, Conn.",Senior,2022,"comizio, t","comizio, tysen",tysen comizio
jonathan,melvin,LB,Sr.,3,"Hampton, Va.",Senior,2023,"melvin, j","melvin, jonathan",jonathan melvin
brendan,o'hara,TE,Sr.,42,"New Lenox, Ill.",Senior,2019,"o'hara, b","o'hara, brendan",brendan o'hara
sebastian,sanchez,OLB,Sr.,43,"Bedminster, N.J.",Senior,2019,"sanchez, s","sanchez, sebastian",sebastian sanchez
khalil,lewis,LB,Sr.,44,"McKinney, Texas",Senior,2021,"lewis, k","lewis, khalil",khalil lewis
jake,heimlicher,DL,Sr.,15,"Aurora, Colo.",Senior,2022,"heimlicher, j","heimlicher, jake",jake heimlicher
jake,gonzalez,DB,Sr.,26,"Wilmette, Ill.",Senior,2022,"gonzalez, j","gonzalez, jake",jake gonzalez
mitzseen,joseph,DL,Sr.,47,"Palm Beach County, Fla.",Senior,2023,"joseph, m","joseph, mitzseen",mitzseen joseph
matthew,mcelroy,DL,Sr.,48,"New Milford, N.J.",Senior,2021,"mcelroy, m","mcelroy, matthew",matthew mcelroy
connor,jangro,OLB,Sr.,49,"Jessup, Md.",Senior,2019,"jangro, c","jangro, connor",connor jangro
will,seiler,DL,Sr.,17,"Atlanta, Ga.",Senior,2023,"seiler, w","seiler, will",will seiler
sean,pahls,OLB,Sr.,51,"Kansas City, Kan.",Senior,2019,"pahls, s","pahls, sean",sean pahls
choyce,bostian iii,DL,Sr.,52,"Jamul, Calif.",Senior,2019,"bostian iii, c","bostian iii, choyce",choyce bostian iii
jordan,ford,LB,So.,53,"Phoenixville, Pa.",Sophomore,2020,"ford, j","ford, jordan",jordan ford
joshua,chapman,DL,Jr.,55,"Silver Spring, Md.",Junior,2021,"chapman, j","chapman, joshua",joshua chapman
jeff,gibbs,OL,Sr.,56,"Austin, Texas",Senior,2019,"gibbs, j","gibbs, jeff",jeff gibbs
travis,wang,OL,Sr.,42,"Taipei, Taiwan",Senior,2021,"wang, t","wang, travis",travis wang
trevor,radosevich,OL,Sr.,58,"Englishtown, N.J.",Senior,2022,"radosevich, t","radosevich, trevor",trevor radosevich
brian,o'neill,LB,Sr.,5,"Roseland, N.J.",Senior,2021,"o'neill, b","o'neill, brian",brian o'neill
jc,dobis,OL,Jr.,61,"Medford, N.J.",Junior,2021,"dobis, j","dobis, jc",jc dobis
jack,iuliano,DL,Sr.,48,"Rye, N.Y.",Senior,2023,"iuliano, j","iuliano, jack",jack iuliano
travis,spreen,OL,Sr.,64,"Sherwood, Ore.",Senior,2021,"spreen, t","spreen, travis",travis spreen
ben,hoitink,OL,Sr.,69,"Hartford, Wis.",Senior,2022,"hoitink, b","hoitink, ben",ben hoitink
joe,basiura,OL,Sr.,66,"Malvern, Pa.",Senior,2021,"basiura, j","basiura, joe",joe basiura
william,long,OL,Sr.,67,"Calhoun, Ga.",Senior,2020,"long, w","long, william",william long
declan,vargas,OL,Jr.,68,"McLean, Va.",Junior,2021,"vargas, d","vargas, declan",declan vargas
ben,padon,OL,Sr.,70,"Houston, Texas",Senior,2020,"padon, b","padon, ben",ben padon
greg,begnoche,OL,Sr.,71,"Delray Beach, Fla.",Senior,2019,"begnoche, g","begnoche, greg",greg begnoche
ace,escobedo,OL,Sr.,72,"Aurora, Colo.",Senior,2019,"escobedo, a","escobedo, ace",ace escobedo
jack,purcell,OL,Sr.,73,"Glen Mills, Pa.",Senior,2023,"purcell, j","purcell, jack",jack purcell
johnathan,gessner,OL,Sr.,74,"San Antonio, Texas",Senior,2020,"gessner, j","gessner, johnathan",johnathan gessner
dan,beaver,OL,Sr.,76,"Hummelstown, Pa.",Senior,2020,"beaver, d","beaver, dan",dan beaver
prince,emili,DL,Sr.,78,"New City, N.Y.",Senior,2021,"emili, p","emili, prince",prince emili
chase,bahr,OL,Sr.,75,"Lake Forest, Ill.",Senior,2022,"bahr, c","bahr, chase",chase bahr
lawal,oyedemi,DL,So.,80,"Sugar Land, Texas",Sophomore,2020,"oyedemi, l","oyedemi, lawal",lawal oyedemi
owen,goldsberry,WR,Sr.,11,"Arlington Heights, Ill.",Senior,2021,"goldsberry, o","goldsberry, owen",owen goldsberry
jake,ligos,OL,Sr.,50,"Long Valley, N.J.",Senior,2023,"ligos, j","ligos, jake",jake ligos
kailash,graham-bell,DL,Sr.,83,"Boulder, Colo.",Senior,2019,"graham-bell, k","graham-bell, kailash",kailash graham-bell
mike,hoffler,TE,Sr.,83,"Brooklyn, N.Y.",Senior,2022,"hoffler, m","hoffler, mike",mike hoffler
niko,rice,WR,Sr.,84,"Fallston, Md.",Senior,2020,"rice, n","rice, niko",niko rice
malone,howley,WR,Sr.,19,"Portsmouth, R.I.",Senior,2023,"howley, m","howley, malone",malone howley
chris,mottillo,TE,Sr.,86,"Fairview, Pa.",Senior,2021,"mottillo, c","mottillo, chris",chris mottillo
nick,shablom,TE,Sr.,88,"Haymarket, Va.",Senior,2019,"shablom, n","shablom, nick",nick shablom
ryan,cragun,WR,Sr.,2,"San Juan Capistrano, Calif.",Senior,2021,"cragun, r","cragun, ryan",ryan cragun
grant,ristoff,DL,Sr.,90,"Ladera Ranch, Calif.",Senior,2022,"ristoff, g","ristoff, grant",grant ristoff
ryan,mannelly,DL/LS,Sr.,92,"Atlanta, Ga.",Senior,2022,"mannelly, r","mannelly, ryan",ryan mannelly
drew,brennan,K,Sr.,93,"Downingtown, Pa.",Senior,2019,"brennan, d","brennan, drew",drew brennan
daniel,karrash,K,Sr.,94,"North Wales, Pa.",Senior,2021,"karrash, d","karrash, daniel",daniel karrash
jake,haggard,P,Jr.,95,"Laguna Niguel, Calif.",Junior,2020,"haggard, j","haggard, jake",jake haggard
david,ryslik,DL,Jr.,96,"Freehold, N.J.",Junior,2019,"ryslik, d","ryslik, david",david ryslik
mike,rodriguez,DL,Sr.,97,"Miami Lakes, Fla.",Senior,2020,"rodriguez, m","rodriguez, mike",mike rodriguez
micah,morris,DL,Sr.,98,"Pittsburgh, Pa.",Senior,2023,"morris, m","morris, micah",micah morris
ben,krimm,P,Sr.,99,"Columbus, Ohio",Senior,2022,"krimm, b","krimm, ben",ben krimm
ryan,zanelli,QB,Sr.,10,"Santa Ana, Calif.",Senior,2023,"zanelli, r","zanelli, ryan",ryan zanelli
hugh,brady,QB,Jr.,3,"Honolulu, Hawaii",Junior,2022,"brady, h","brady, hugh",hugh brady
maurcus,mcdaniel,WR,Sr.,14,"King of Prussia, Pa.",Senior,2023,"mcdaniel, m","mcdaniel, maurcus",maurcus mcdaniel
sterling,stokes,WR,Sr.,17,"Oakland, Calif.",Senior,2023,"stokes, s","stokes, sterling",sterling stokes
walter,soefker,DB,Sr.,33,"Memphis, Tenn.",Senior,2023,"soefker, w","soefker, walter",walter soefker
jack,plank,DL,Sr.,19,"Kensington, Md.",Senior,2023,"plank, j","plank, jack",jack plank
nate,white,LB,So.,20,"Dana Point, Calif.",Sophomore,2021,"white, n","white, nate",nate white
jack,fairman,LB,Sr.,23,"Bloomfield Hills, Mich.",Senior,2024,"fairman, j","fairman, jack",jack fairman
jordan,niles,RB,Sr.,24,"Clearwater, Fla.",Senior,2023,"niles, j","niles, jordan",jordan niles
shiloh,means,DB,Sr.,25,"Indianapolis, Ind.",Senior,2024,"means, s","means, shiloh",shiloh means
logan,nash,DB,Sr.,5,"Richmond Heights, Ohio",Senior,2023,"nash, l","nash, logan",logan nash
lawson,nash,DB,Sr.,2,"Richmond Heights, Ohio",Senior,2023,"nash, l","nash, lawson",lawson nash
chandler,mcgruder,RB,Jr.,32,"Indianapolis, Ind.",Junior,2022,"mcgruder, c","mcgruder, chandler",chandler mcgruder
anthony,bell,LB,Sr.,21,"Easton, Pa.",Senior,2023,"bell, a","bell, anthony",anthony bell
gabe,wright,DB,Sr.,37,"Stockbridge, Ga.",Senior,2023,"wright, g","wright, gabe",gabe wright
aidan,nash,LB,Sr.,38,"Philadelphia, Pa.",Senior,2023,"nash, a","nash, aidan",aidan nash
isaiah,jordan,LB,Sr.,36,"Rockville, Md.",Senior,2023,"jordan, i","jordan, isaiah",isaiah jordan
sam,carlson,DL,Sr.,42,"Bozeman, Mont.",Senior,2024,"carlson, s","carlson, sam",sam carlson
mozi,bici,LB,So.,45,"Suffield, Conn.",Sophomore,2021,"bici, m","bici, mozi",mozi bici
bennett,smith,TE,Sr.,49,"Charlotte, N.C.",Senior,2023,"smith, b","smith, bennett",bennett smith
henry,iloanya,DL,So.,52,"Glenn Dale, Md.",Sophomore,2021,"iloanya, h","iloanya, henry",henry iloanya
callum,abernethy,OL,Sr.,56,"Greenwich, Conn.",Senior,2023,"abernethy, c","abernethy, callum",callum abernethy
jack,kirby,OL,Fr.,62,"Cincinnati, Ohio",Freshman,2020,"kirby, j","kirby, jack",jack kirby
griffin,jackstadt,OL,Sr.,63,"Barnegat, N.J.",Senior,2023,"jackstadt, g","jackstadt, griffin",griffin jackstadt
ned,freeland,OL,So.,77,"Nashville, Tenn.",Sophomore,2021,"freeland, n","freeland, ned",ned freeland
cameron,polemeni-hegarty,OL,Sr.,77,"Goldens Bridge, N.Y.",Senior,2024,"polemeni-hegarty, c","polemeni-hegarty, cameron",cameron polemeni-hegarty
joshua,casilli,WR,Sr.,87,"McMurray, Pa.",Senior,2024,"casilli, j","casilli, joshua",joshua casilli
cameron,williams,TE,So.,88,"Villanova, Pa.",Sophomore,2021,"williams, c","williams, cameron",cameron williams
tanner,duve,WR,So.,89,"Culver City, Calif.",Sophomore,2021,"duve, t","duve, tanner",tanner duve
charlie,mossy,DL,Sr.,91,"Rancho Sante Fe, Calif.",Senior,2023,"mossy, c","mossy, charlie",charlie mossy
graham,gotlieb,K,Sr.,93,"Boca Raton, Fla.",Senior,2023,"gotlieb, g","gotlieb, graham",graham gotlieb
travis,mcfarling,DL,Sr.,99,"Flower Mound, Texas",Senior,2024,"mcfarling, t","mcfarling, travis",travis mcfarling
aidan,sayin,QB,Sr.,9,"Carlsbad, Calif.",Senior,2024,"sayin, a","sayin, aidan",aidan sayin
cj,tremble,DB,Sr.,8,"Jacksonville, Fla.",Senior,2024,"tremble, c","tremble, cj",cj tremble
grant,parker,DB,Sr.,9,"Beltsville, Md.",Senior,2024,"parker, g","parker, grant",grant parker
julien,stokes,WR,Sr.,13,"Newbury Park, Calif.",Senior,2025,"stokes, j","stokes, julien",julien stokes
jack,kosick,DB,So.,22,"Huntington Beach, Calif.",Sophomore,2022,"kosick, j","kosick, jack",jack kosick
aaron,jones,RB,Sr.,16,"Bethesda, Md.",Senior,2024,"jones, a","jones, aaron",aaron jones
jacob,cisneros,RB,Sr.,20,"Anthem, Ariz.",Senior,2024,"cisneros, j","cisneros, jacob",jacob cisneros
julian,talley,DB,Sr.,7,"Hatfield, Pa.",Senior,2024,"talley, j","talley, julian",julian talley
jake,peterson,LB,Sr.,14,"Spring, Texas",Senior,2024,"peterson, j","peterson, jake",jake peterson
nick,fryhoff,DL,Sr.,18,"Tustin, Calif.",Senior,2024,"fryhoff, n","fryhoff, nick",nick fryhoff
bryce,myers,TE,Sr.,15,"Bridgewater, N.J.",Senior,2024,"myers, b","myers, bryce",bryce myers
max,matolcsy,LB,Sr.,15,"Pittsburgh, Pa.",Senior,2024,"matolcsy, m","matolcsy, max",max matolcsy
mike,fraraccio,TE,Sr.,44,"Sarasota, Fla.",Senior,2024,"fraraccio, m","fraraccio, mike",mike fraraccio
nicholas,ostlund,DL,Sr.,50,"Dana Point, Calif.",Senior,2024,"ostlund, n","ostlund, nicholas",nicholas ostlund
liam,kearney,OL,Sr.,59,"Pittsburgh, Pa.",Senior,2023,"kearney, l","kearney, liam",liam kearney
trevor,mayberry,OL,So.,61,"Odessa, Fla.",Sophomore,2022,"mayberry, t","mayberry, trevor",trevor mayberry
sulayman,adeoye,DL,Sr.,88,"Mission Hills, Calif.",Senior,2025,"adeoye, s","adeoye, sulayman",sulayman adeoye
devin,spencer,OL,Fr.,71,"Corona, Calif.",Freshman,2021,"spencer, d","spencer, devin",devin spencer
william,bergin,OL,Sr.,72,"Cheshire, Conn.",Senior,2025,"bergin, w","bergin, william",william bergin
scott,dochat,DL,Sr.,76,"Clifton Park, N.Y.",Senior,2024,"dochat, s","dochat, scott",scott dochat
joey,slackman,DL,Sr.,97,"Commack, N.Y.",Senior,2023,"slackman, j","slackman, joey",joey slackman
clay,petry,WR,So.,80,"San Diego, Calif.",Sophomore,2022,"petry, c","petry, clay",clay petry
davis,ellis,WR,Sr.,3,"Jacksonville, Fla.",Senior,2025,"ellis, d","ellis, davis",davis ellis
kobe,comizio,WR,Jr.,82,"Greenwich, Conn.",Junior,2023,"comizio, k","comizio, kobe",kobe comizio
paul,jennings,DL,Sr.,10,"Ambler, Pa.",Senior,2025,"jennings, p","jennings, paul",paul jennings
justin,cayenne,TE,Sr.,84,"Ponte Vedra, Fla.",Senior,2024,"cayenne, j","cayenne, justin",justin cayenne
bo,sprague,OL,Jr.,55,"Leawood, Kan.",Junior,2023,"sprague, b","sprague, bo",bo sprague
bryce,hall,DL,Sr.,40,"Southfield, Mich.",Senior,2024,"hall, b","hall, bryce",bryce hall
john,bergeron,LS,Jr.,45,"Covington, La.",Junior,2022,"bergeron, j","bergeron, john",john bergeron
liam,o'brien,QB,Sr.,2,"Boulder, Colo.",Senior,2025,"o'brien, l","o'brien, liam",liam o'brien
sage,webb,WR,Sr.,4,"Pounding Mill, Va.",Senior,2025,"webb, s","webb, sage",sage webb
alex,haight,WR,Sr.,11,"Delhi, N.Y.",Senior,2025,"haight, a","haight, alex",alex haight
kadari,machen,LB,Sr.,2,"Silver Spring, Md.",Senior,2025,"machen, k","machen, kadari",kadari machen
ryan,o'connell,LB,Sr.,41,"Fairfield, Conn.",Senior,2025,"o'connell, r","o'connell, ryan",ryan o'connell
bisi,owens,WR,Sr.,7,"Cooksville, Md.",Senior,2025,"owens, b","owens, bisi",bisi owens
jared,richardson,WR,Sr.,17,"Blakeslee, Pa.",Senior,2025,"richardson, j","richardson, jared",jared richardson
isaac,shabay,RB,So.,26,"Colleyville, Texas",Sophomore,2023,"shabay, i","shabay, isaac",isaac shabay
jake,hsu,WR,Fr.,28,"Ambler, Pa.",Freshman,2022,"hsu, j","hsu, jake",jake hsu
david,okechukwu,DB,Jr.,28,"Washington, D.C.",Junior,2024,"okechukwu, d","okechukwu, david",david okechukwu
francesco,barone,DB,Sr.,29,"Colts Neck, N.J.",Senior,2025,"barone, f","barone, francesco",francesco barone
john,lista,LB,Sr.,44,"Fair Haven, N.J.",Senior,2025,"lista, j","lista, john",john lista
jake,davis,LB,Sr.,43,"Wall, N.J.",Senior,2025,"davis, j","davis, jake",jake davis
alec,wills,DB,Sr.,6,"Carson, Calif.",Senior,2025,"wills, a","wills, alec",alec wills
matthew,leyes,LS,Sr.,45,"Holly, Mich.",Senior,2025,"leyes, m","leyes, matthew",matthew leyes
michael,gavin,DL,So.,62,"West Chester, Pa.",Sophomore,2023,"gavin, m","gavin, michael",michael gavin
jake,bingham,OL,Sr.,62,"Virginia Beach, Va.",Senior,2025,"bingham, j","bingham, jake",jake bingham
cameron,wilson,OL,So.,66,"Lovettsville, Va.",Sophomore,2023,"wilson, c","wilson, cameron",cameron wilson
maxwell,freeman,OL,Sr.,67,"Alpharetta, Ga.",Senior,2025,"freeman, m","freeman, maxwell",maxwell freeman
netinho,olivieri,OL,Sr.,74,"Newton, Mass.",Senior,2025,"olivieri, n","olivieri, netinho",netinho olivieri
carter,janki,DL,Sr.,90,"Redding, Conn.",Senior,2025,"janki, c","janki, carter",carter janki
patrick,hawkins,TE,Jr.,86,"Santa Ana, Calif.",Junior,2024,"hawkins, p","hawkins, patrick",patrick hawkins
chase,meyer,P/K,Fr.,91,"Costa Mesa, Calif.",Freshman,2022,"meyer, c","meyer, chase",chase meyer
brady,ioannidis,DL,Sr.,94,"Kitchener, Ontario",Senior,2025,"ioannidis, b","ioannidis, brady",brady ioannidis
sam,smith,K,Sr.,91,"Gaithersburg, Md.",Senior,2025,"smith, s","smith, sam",sam smith
santiago,sturla,P/K,Sr.,95,"Blue Bell, Pa.",Senior,2025,"sturla, s","sturla, santiago",santiago sturla
sean,"williams, jr.",RB,Jr.,5,"Baltimore, Md.",Junior,2025,"williams, jr., s","williams, jr., sean","sean williams, jr."
devin,page,QB,Fr.,6,"Valley Stream, N.Y.",Freshman,2023,"page, d","page, devin",devin page
cadin,olsen,QB,Jr.,8,"Ford City, Pa.",Junior,2025,"olsen, c","olsen, cadin",cadin olsen
jayden,drayton,WR,Jr.,12,"Brunswick, Ga.",Junior,2025,"drayton, j","drayton, jayden",jayden drayton
darius,beauvoir,DB,Jr.,21,"Naples, Fla.",Junior,2025,"beauvoir, d","beauvoir, darius",darius beauvoir
jamal,"bing, jr.",RB,So.,22,"Savannah, Ga.",Sophomore,2024,"bing, jr., j","bing, jr., jamal","jamal bing, jr."
malachi,hosley,RB,So.,1,"Columbus, Ga.",Sophomore,2024,"hosley, m","hosley, malachi",malachi hosley
joey,holliday,LB,Jr.,24,"Atlanta, Ga.",Junior,2025,"holliday, j","holliday, joey",joey holliday
cole,shannon,WR,Jr.,25,"Somerset, N.J.",Junior,2025,"shannon, c","shannon, cole",cole shannon
christian,carter,DB,Jr.,27,"Tampa, Fla.",Junior,2025,"carter, c","carter, christian",christian carter
emmanuel,deng,DB,So.,30,"Dayton, Ohio",Sophomore,2024,"deng, e","deng, emmanuel",emmanuel deng
john,ruvo iv,WR,Sr.,19,"Scottsdale, Ariz.",Senior,2025,"ruvo iv, j","ruvo iv, john",john ruvo iv
kayleb,ervin,DB,Jr.,32,"Las Vegas, Nev.",Junior,2025,"ervin, k","ervin, kayleb",kayleb ervin
devin,malloy,DB,Jr.,4,"Fort Washington, Md.",Junior,2025,"malloy, d","malloy, devin",devin malloy
dj,brown,LB,Sr.,36,"Memphis, Tenn.",Senior,2025,"brown, d","brown, dj",dj brown
josh,narcisse,DB,Jr.,16,"Peekskill, N.Y.",Junior,2025,"narcisse, j","narcisse, josh",josh narcisse
aaron,kruse,OL,Jr.,51,"Johns Creek, Ga.",Junior,2025,"kruse, a","kruse, aaron",aaron kruse
cole,olsztyn,LB,Jr.,33,"Rochester Hills, Mich.",Junior,2025,"olsztyn, c","olsztyn, cole",cole olsztyn
zach,darche,LB/LS,Jr.,53,"Overland Park, Kan.",Junior,2025,"darche, z","darche, zach",zach darche
michael,zack,OL,Jr.,54,"Minesing, Ontario",Junior,2025,"zack, m","zack, michael",michael zack
david,rolands,OL,Jr.,65,"Huntington Woods, Mich.",Junior,2025,"rolands, d","rolands, david",david rolands
luke,sacchetti,OL,Jr.,75,"Ball Ground, Ga.",Junior,2025,"sacchetti, l","sacchetti, luke",luke sacchetti
albert,jang,K/P,Sr.,80,"Duluth, Ga.",Senior,2024,"jang, a","jang, albert",albert jang
dante,barone,TE,Jr.,85,"Colts Neck, N.J.",Junior,2025,"barone, d","barone, dante",dante barone
mike,fernicola,OL,Jr.,58,"Wayne, N.J.",Junior,2025,"fernicola, m","fernicola, mike",mike fernicola
hunter,lay,DL,Jr.,92,"Denver, Colo.",Junior,2025,"lay, h","lay, hunter",hunter lay
raashed,hall,DL,Jr.,93,"Crofton, Md.",Junior,2025,"hall, r","hall, raashed",raashed hall
james,quinnelly,DL,Sr.,95,"Daphne, Ala.",Senior,2025,"quinnelly, j","quinnelly, james",james quinnelly
davis,greene,DL,Fr.,96,"Brentwood, Tenn.",Freshman,2023,"greene, d","greene, davis",davis greene
christian,de villiers,P,Jr.,97,"Doral, Fla.",Junior,2025,"de villiers, c","de villiers, christian",christian de villiers
karson,siqueiros-lasky,QB,So.,6,"Lake Mary, Fla.",Sophomore,2025,"siqueiros-lasky, k","siqueiros-lasky, karson",karson siqueiros-lasky
cole,spencer,QB,Sr.,10,"Gibsonia, Pa.",Senior,2024,"spencer, c","spencer, cole",cole spencer
dylan,seay,TE,Fr.,18,"Collingswood, N.J.",Freshman,2024,"seay, d","seay, dylan",dylan seay
andrew,bruce,DB,So.,19,"Chardon, Ohio",Sophomore,2025,"bruce, a","bruce, andrew",andrew bruce
ronan,johannson,WR,So.,23,"West St. Paul, Manitoba, Canada",Sophomore,2025,"johannson, r","johannson, ronan",ronan johannson
donte,west,RB,So.,26,"Forestville, Md.",Sophomore,2025,"west, d","west, donte",donte west
griffin,rosenbloom,WR,So.,31,"Carlsbad, Calif.",Sophomore,2025,"rosenbloom, g","rosenbloom, griffin",griffin rosenbloom
lawson,douglas,DB,Fr.,34,"Aurora, Colo.",Freshman,2024,"douglas, l","douglas, lawson",lawson douglas
trevor,pajak,LB,So.,35,"Huntington Beach, Calif.",Sophomore,2025,"pajak, t","pajak, trevor",trevor pajak
ty,cortes,DB,So.,37,"Poway, Calif.",Sophomore,2025,"cortes, t","cortes, ty",ty cortes
ben,wable,DB,So.,38,"Cheshire, Conn.",Sophomore,2025,"wable, b","wable, ben",ben wable
brayden,phinney,LB,So.,46,"Marshfield, Mass.",Sophomore,2025,"phinney, b","phinney, brayden",brayden phinney
derek,mccrum,LB,So.,47,"Avon Lake, Ohio",Sophomore,2025,"mccrum, d","mccrum, derek",derek mccrum
aiden,bergin,LB,So.,48,"Bloomfield Hills, Mich.",Sophomore,2025,"bergin, a","bergin, aiden",aiden bergin
remo,marcaccio,OL,So.,50,"New York, N.Y.",Sophomore,2025,"marcaccio, r","marcaccio, remo",remo marcaccio
oliver,roaman,DL,So.,51,"New York, N.Y.",Sophomore,2025,"roaman, o","roaman, oliver",oliver roaman
ryan,mitchell,OL,So.,52,"Midlothian, Va.",Sophomore,2025,"mitchell, r","mitchell, ryan",ryan mitchell
cosmo,fusco,DL,So.,55,"Boonton, N.J.",Sophomore,2025,"fusco, c","fusco, cosmo",cosmo fusco
alex,jordan,DL,So.,59,"Castle Pines, Colo.",Sophomore,2025,"jordan, a","jordan, alex",alex jordan
liam,forster,OL,So.,66,"Patterson, N.Y.",Sophomore,2025,"forster, l","forster, liam",liam forster
trenton,vanboening,OL,Jr.,70,"Libertyville, Ill.",Junior,2025,"vanboening, t","vanboening, trenton",trenton vanboening
nathan,sayle,OL,So.,71,"Huntsville, Ala.",Sophomore,2025,"sayle, n","sayle, nathan",nathan sayle
austin,zimm,OL,So.,73,"Naples, Fla.",Sophomore,2025,"zimm, a","zimm, austin",austin zimm
marco,carone,OL/DL,So.,78,"Pittsburgh, Pa.",Sophomore,2025,"carone, m","carone, marco",marco carone
jack,donnelly,TE,So.,80,"Doylestown, Pa.",Sophomore,2025,"donnelly, j","donnelly, jack",jack donnelly
markus,brown,TE,So.,81,"Rumson, N.J.",Sophomore,2025,"brown, m","brown, markus",markus brown
connor,martin,DL,So.,81,"Towaco, N.J.",Sophomore,2025,"martin, c","martin, connor",connor martin
alexandro,"armour, jr.",DL,So.,83,"Woodbridge, Va.",Sophomore,2025,"armour, jr., a","armour, jr., alexandro","alexandro armour, jr."
dylan,karz,WR,So.,83,"Los Angeles, Calif.",Sophomore,2025,"karz, d","karz, dylan",dylan karz
justin,alpert,WR,So.,88,"New Albany, Ohio",Sophomore,2025,"alpert, j","alpert, justin",justin alpert
connor,johns,WR,So.,89,"Orefield, Pa.",Sophomore,2025,"johns, c","johns, connor",connor johns
josh,barnavon,K,So.,93,"Los Angeles, Calif.",Sophomore,2025,"barnavon, j","barnavon, josh",josh barnavon
david,mcmorris,DL,So.,98,"Glenn Dale, Md.",Sophomore,2025,"mcmorris, d","mcmorris, david",david mcmorris
